id;nom;prenom;email;password
1;1080p Chicken matrix;Marketing Chicken Cotton;Gunner_Pfeffer99@gmail.com;1080p index deposit
2;attitude-oriented digital;Plastic;Chauncey.Schuster@yahoo.com;Dobra Outdoors transition
3;Optimized deposit Cambridgeshire;Steel deploy application;Tamia.Beatty@yahoo.com;Steel
4;strategic;Malagasy Ariary;Godfrey_Rath42@hotmail.com;moderator XSS
5;Tactics generating;Credit Card Account;Christiana_Lesch50@hotmail.com;Isle
6;Avon;Guyana Dollar Operative;Robb33@yahoo.com;Auto Loan Account
7;RAM driver Handmade;PCI California;Imani.Greenfelder@gmail.com;Tasty PCI
8;withdrawal;invoice;Jamie87@gmail.com;sensor Liaison New York
9;Tactics Cliff;Sausages THX;Ed.Mann58@hotmail.com;quantifying
10;Rand;challenge Leone;Vallie.Witting57@hotmail.com;invoice cross-platform
