id;matricule;nom;prenom;grademedical;telephone;password
1;Web Fresh Implementation;methodology Peru Soft;connect Bedfordshire;Berkshire Gambia Handcrafted Frozen Pants;709-045-5398 x95481;Fantastic
2;distributed;multi-tasking Pants Games;payment Awesome Metal Ball Outdoors;sexy Frozen ADP;(808) 664-7940 x7002;Movies
3;Tennessee Kip;Paradigm Forest;lavender;Argentine Peso local;(173) 767-2544;red Personal Loan Account
4;scale;benchmark Chief;leading edge hacking;Surinam Dollar Awesome Latvian Lats;(866) 391-3602;Kuwait
5;paradigms;Small;24/7;Unbranded Soft Shoes Tools;100-678-9383;seize Lead Electronics
6;Minnesota toolset;calculating Intelligent Frozen Ball;frictionless;indigo Rapid;1-997-241-6498;even-keeled port Avon
7;deposit Wisconsin SQL;Response Poland Lebanese Pound;Specialist;Web;884-705-6758;e-commerce Cambridgeshire
8;cyan card;clicks-and-mortar;Plain;utilize Cambridgeshire reciprocal;(615) 137-6106 x0316;mission-critical Fresh
9;systems;synergies Program program;Outdoors global;Forint Jewelery Buckinghamshire;691.532.7681 x5375;Corners compress HTTP
10;Steel;morph Global;card;cohesive Drives;1-848-626-1332 x255;grid-enabled payment deliverables
