id;nomero;nom;prenom;datenaissance;lieunaissance;adresse;genre;telephone;cni;password
1;66092;Incredible Cotton Computer;Quality Architect;2021-02-01T02:22:27;Paradigm action-items;Buckinghamshire;HOMME;254-064-7921 x1077;open architecture Timor-Leste;Toys
2;84603;systems Borders panel;Home Loan Account;2021-02-01T02:15:43;port Iowa;Cambridgeshire Berkshire;HOMME;1-566-640-0303;silver engineer GB;transparent
3;28274;Frozen Checking Account Sleek Concrete Shirt;Refined 1080p;2021-02-01T12:03:48;Incredible Fresh Hat Response;yellow Movies turquoise;FEMME;280-484-4324 x906;Islands;deposit Flats
4;37028;Garden Open-architected;Track e-enable;2021-02-01T10:59:41;port;Movies Re-contextualized Small;HOMME;1-068-536-9853;e-tailers impactful Checking Account;Granite Usability
5;17953;Auto Loan Account Global models;Chief synthesizing white;2021-02-01T08:40:49;Kuwaiti Dinar;Berkshire;FEMME;1-435-220-3647;Fantastic Granite Ball;Ergonomic
6;26489;harness Norwegian Krone systems;gold;2021-02-01T01:04:20;groupware;support Ergonomic Soft Car adapter;HOMME;041.153.9102 x4574;Plaza yellow;Stand-alone Turkish Lira
7;55229;Sleek Concrete Tuna Intelligent open-source;paradigm;2021-01-31T21:35:19;Ohio;circuit;FEMME;082.643.9764 x17148;bandwidth-monitored;channels Czech Koruna Handmade Plastic Pizza
8;4897;hacking;discrete AI approach;2021-02-01T11:01:55;Sleek Rubber Tuna Surinam Dollar;Configurable Engineer;HOMME;1-538-308-2250 x7220;Strategist;green Kentucky
9;47282;high-level;Oklahoma;2021-02-01T11:27:44;Face to face hardware;multi-byte quantify Metical;HOMME;1-496-659-7248 x6031;synergize;TCP Landing
10;2168;Soap purple;strategic indigo Granite;2021-01-31T21:14:17;Metal tan;Rustic Metal Gloves protocol;HOMME;539.308.2719 x1483;interfaces Clothing;Engineer Health Associate
